Primer Name,Sequence,Pool,Length,Tm,GC%,Start,End
noro_GI_1_10_1_LEFT,TCGAAAGACGTCGTTGCGACTA,1,22,62.24,50.00,16,38
noro_GI_1_10_1_RIGHT,AAACCGCCAGCATCAAACCATT,1,22,61.93,45.45,387,365
noro_GI_1_10_2_LEFT,AGGCCCATGGACCAGAATGTTA,2,22,61.44,50.00,286,308
noro_GI_1_10_2_RIGHT,CACCAACTGTCTTTCCTTGCCC,2,22,61.91,54.55,662,640
noro_GI_1_10_3_LEFT,ACCAGCTAGTGAACCCACCATT,1,22,61.63,50.00,564,586
noro_GI_1_10_3_RIGHT,CTGCTGAAATTCAGGGGTCTGT,1,22,60.55,50.00,952,930
noro_GI_1_10_4_LEFT,TCTTGAGGACACATGGTTGCAG,2,22,60.81,50.00,855,877
noro_GI_1_10_4_RIGHT,AGGTCTTCTGGTCCCTGGAGAT,2,22,61.99,54.55,1215,1193
noro_GI_1_10_5_LEFT,TTCTTGAGCTCTTTGGCGTATTCT,1,24,60.56,41.67,1118,1142
noro_GI_1_10_5_RIGHT,GCTTGTCTCTCACCAGTTGTGT,1,22,60.74,50.00,1487,1465
noro_GI_1_10_6_LEFT,TCTTTGGTGGGGATCAGACTGA,2,22,60.76,50.00,1379,1401
noro_GI_1_10_6_RIGHT,TAGCCATCCCAGTGGTCAACAG,2,22,62.01,54.55,1809,1787
noro_GI_1_10_7_LEFT,GGGAAGACTAAAGCAGCGGAAC,1,22,61.51,54.55,1699,1721
noro_GI_1_10_7_RIGHT,CAATCTTTCAGTGCCGACGTGT,1,22,61.69,50.00,2118,2096
noro_GI_1_10_8_LEFT,TGTGCAGACGGGTTGACTTTCT,2,22,62.38,50.00,2021,2043
noro_GI_1_10_8_RIGHT,CACCGCGCAGTTTCTTACCTAG,2,22,61.55,54.55,2402,2380
noro_GI_1_10_9_LEFT,TGTATGATTTTGATGATGACAGGGTGT,1,27,61.02,37.04,2297,2324
noro_GI_1_10_9_RIGHT,CCAAACATTCTTTTCACGGCCC,1,22,60.87,50.00,2703,2681
noro_GI_1_10_10_LEFT,TCAACAACAGCAGTCAGTGTGC,2,22,61.83,50.00,2541,2563
noro_GI_1_10_10_RIGHT,GCGCCCTTTCTTGTTCTTACCT,2,22,61.13,50.00,2920,2898
noro_GI_1_10_11_LEFT,GGACTATGTGAGACTGAGGAGGA,1,23,60.37,52.17,2821,2844
noro_GI_1_10_11_RIGHT,CCCGTGACTAATCCCAATTGGC,1,22,61.59,54.55,3198,3176
noro_GI_1_10_12_LEFT,GCGAAACCGAAATGGAAATCCG,2,22,61.04,50.00,3101,3123
noro_GI_1_10_12_RIGHT,GTGAATTCTCCGGCCCTATGGA,2,22,61.87,54.55,3468,3446
noro_GI_1_10_13_LEFT,GGTCAGCCCCACAGTCTTCATA,1,22,61.74,54.55,3357,3379
noro_GI_1_10_13_RIGHT,CAGACCACCCAGTCATTTGCTC,1,22,61.45,54.55,3762,3740
noro_GI_1_10_14_LEFT,TCTGGTATGTTGCTCACTGGGG,2,22,62.01,54.55,3652,3674
noro_GI_1_10_14_RIGHT,CCCGTAATACCTGTTGGAGCGA,2,22,62.11,54.55,4034,4012
noro_GI_1_10_15_LEFT,TCATCCCCTGAACCATTACCCC,1,22,61.50,54.55,3931,3953
noro_GI_1_10_15_RIGHT,ACTAATTCATCCTTAAGCGCCGC,1,23,61.60,47.83,4350,4327
noro_GI_1_10_16_LEFT,GCACCGCCTTCATTAGAGAGTT,2,22,60.68,50.00,4238,4260
noro_GI_1_10_16_RIGHT,GCCTGTTTTGTGTTGAGTCCCA,2,22,61.53,50.00,4598,4576
noro_GI_1_10_17_LEFT,TGGGATGAATTCAATCGAGGATGG,1,24,60.75,45.83,4491,4515
noro_GI_1_10_17_RIGHT,CCTGTGTCAATTTTGCTGGGTC,1,22,60.29,50.00,4922,4900
noro_GI_1_10_18_LEFT,GGCCTGTCACCAGATGTTATTCA,2,23,60.62,47.83,4816,4839
noro_GI_1_10_18_RIGHT,ATGCAATGAAGCCTCACCTAACA,2,23,60.56,43.48,5191,5168
noro_GI_1_10_19_LEFT,ACAGATCTATTGGACCAGAGGGC,1,23,61.52,52.17,5079,5102
noro_GI_1_10_19_RIGHT,AATCATGTTAACTTGCCCAGCCG,1,23,61.99,47.83,5510,5487
noro_GI_1_10_20_LEFT,GTCTAAGGACGCTCCAACATCC,2,22,60.74,54.55,5365,5387
noro_GI_1_10_20_RIGHT,GTGGGAAGAGAGTTGCTTGAGC,2,22,61.45,54.55,5793,5771
noro_GI_1_10_21_LEFT,CAACGCCTTCACAGCTGGAAAG,1,22,62.51,54.55,5698,5720
noro_GI_1_10_21_RIGHT,TAGGCACAGGGACACGAGAATT,1,22,61.41,50.00,6108,6086
noro_GI_1_10_22_LEFT,TTCTTGTTCCCCCTTCCGTTGA,2,22,61.82,50.00,6012,6034
noro_GI_1_10_22_RIGHT,ATGGGTCCCGATCTTGAGTCTG,2,22,61.54,54.55,6390,6368
noro_GI_1_10_23_LEFT,GTACACCCTTCATCCCCCTTGA,1,22,61.43,54.55,6282,6304
noro_GI_1_10_23_RIGHT,GTGGGTGATGAACTCCTGAGGT,1,22,61.68,54.55,6716,6694
noro_GI_1_10_24_LEFT,CATCTTGCTCCTGCTGTGTTCC,2,22,61.77,54.55,6584,6606
noro_GI_1_10_24_RIGHT,CGATGACAGCTTGGGCCATTAT,2,22,61.07,50.00,6995,6973
noro_GI_1_10_25_LEFT,TGGAGTCTTTGTCTTTGTTTCATGGG,1,26,61.86,42.31,6877,6903
noro_GI_1_10_25_RIGHT,TCCAGTCCACTATACGGGTGAC,1,22,60.95,54.55,7277,7255
noro_GI_1_10_26_LEFT,CACTAGGTATGCTCTTCTGCGG,2,22,60.54,54.55,7182,7204
noro_GI_1_10_26_RIGHT,TTGCGAACAGAGGCAATCTATCTG,2,24,61.21,45.83,7595,7571
noro_GI_1_10_27_LEFT,GCCTACCTCAAGCACCACTACA,1,22,61.99,54.55,7296,7318
noro_GI_1_10_27_RIGHT,ATTAAAACCAAATCTGAATATGGTGCCCA,1,29,62.07,34.48,7656,7627
noro_GI_11_20_1_LEFT,AAAGACGTCGTTCCTACTGCTG,1,22,60.61,50.00,16,38
noro_GI_11_20_1_RIGHT,GTGTACTTGGACCTAAGCCACC,1,22,60.61,54.55,395,373
noro_GI_11_20_2_LEFT,TAAGACGTGGGATGAGCTTGAC,2,22,60.09,50.00,300,322
noro_GI_11_20_2_RIGHT,ATGGGCTGTATGGTGATCCTCG,2,22,61.93,54.55,708,686
noro_GI_11_20_3_LEFT,ATGAAGGGCACATCTATCATTATGCT,1,26,60.52,38.46,599,625
noro_GI_11_20_3_RIGHT,AGCACTGCATCCCTAACCATCT,1,22,61.50,50.00,981,959
noro_GI_11_20_4_LEFT,ATCTCCTCTGGCCGGTTTTACC,2,22,62.07,54.55,880,902
noro_GI_11_20_4_RIGHT,CCCCCAATACTATTGGCACGAG,2,22,60.81,54.55,1241,1219
noro_GI_11_20_5_LEFT,TGGAACCCACCTGATGTTTCCA,1,22,61.84,50.00,1135,1157
noro_GI_11_20_5_RIGHT,GGGTCGGCATTCCTGACAGATA,1,22,61.86,54.55,1560,1538
noro_GI_11_20_6_LEFT,ACATCAGTGACTCAGCTCGTGA,2,22,61.40,50.00,1450,1472
noro_GI_11_20_6_RIGHT,TTCCATAGTCGTCCCACAGCAT,2,22,61.48,50.00,1841,1819
noro_GI_11_20_7_LEFT,TGAGATACGGCCTGGTGGTAAG,1,22,61.54,54.55,1737,1759
noro_GI_11_20_7_RIGHT,GTGAGAAATCGGGCTTGAAGCA,1,22,61.45,50.00,2132,2110
noro_GI_11_20_8_LEFT,GGTGGACTTCCTTGTGTATTGCAC,2,24,62.10,50.00,2025,2049
noro_GI_11_20_8_RIGHT,CGTAGCTTTTTGCCTAGGGAGG,2,22,61.00,54.55,2391,2369
noro_GI_11_20_9_LEFT,AGGGGCCTACGTATGACTTTGA,1,22,60.89,50.00,2282,2304
noro_GI_11_20_9_RIGHT,TACCAAACATACGCTTGACCGC,1,22,61.50,50.00,2699,2677
noro_GI_11_20_10_LEFT,GCTGTGGCATACGCTTCATGTT,2,22,62.08,50.00,2596,2618
noro_GI_11_20_10_RIGHT,TCTTCATCACTCAGACCACGGC,2,22,62.30,54.55,2973,2951
noro_GI_11_20_11_LEFT,ATGGTACCAAGTGATGCCGTCC,1,22,62.64,54.55,2860,2882
noro_GI_11_20_11_RIGHT,TCTGCCCATTCATTCTTTGGCG,1,22,61.78,50.00,3258,3236
noro_GI_11_20_12_LEFT,AAACACCAACAAGAGCAACGGC,2,22,62.66,50.00,3154,3176
noro_GI_11_20_12_RIGHT,GTAGTTCACCCGAATCCCGTTT,2,22,60.61,50.00,3584,3562
noro_GI_11_20_13_LEFT,AAAATGCGCCCTGACTTGACAG,1,22,61.97,50.00,3487,3509
noro_GI_11_20_13_RIGHT,GCATAATGCCCCTTGTCTCCAC,1,22,61.59,54.55,3867,3845
noro_GI_11_20_14_LEFT,ATGACTGGGTTGTGTGTGGAGT,2,22,61.82,50.00,3746,3768
noro_GI_11_20_14_RIGHT,ATGTTACAGTCTCAACCGCAGC,2,22,61.19,50.00,4115,4093
noro_GI_11_20_15_LEFT,GCCCATCCCTACAACAGGTACT,1,22,61.49,54.55,4007,4029
noro_GI_11_20_15_RIGHT,CGCCCCATAGTAGACGCTTCTT,1,22,62.17,54.55,4400,4378
noro_GI_11_20_16_LEFT,TGTATGAGAATGCTAAACATATGAAACCCA,2,30,61.43,33.33,4289,4319
noro_GI_11_20_16_RIGHT,CCAATTCTGGTGAGGCCGTAAG,2,22,61.26,54.55,4655,4633
noro_GI_11_20_17_LEFT,TTGATGCAGATTATACAGCATGGGA,1,25,60.46,40.00,4556,4581
noro_GI_11_20_17_RIGHT,GGTCCTTCTGTTTTGTCAGGCC,1,22,61.65,54.55,4974,4952
noro_GI_11_20_18_LEFT,TGGTGATGATGAGATTGTGTCAACTG,2,26,61.51,42.31,4863,4889
noro_GI_11_20_18_RIGHT,GCCATCCTGGGACATACATTTCC,2,23,61.31,52.17,5276,5253
noro_GI_11_20_19_LEFT,GGAAGCTTCACTCCATGGTGAG,1,22,60.94,54.55,5175,5197
noro_GI_11_20_19_RIGHT,CACCGGGGGTATTATTTGGGGA,1,22,61.83,54.55,5586,5564
noro_GI_11_20_20_LEFT,CGCGACTGCTGGACAAGTTAAT,2,22,61.50,50.00,5482,5504
noro_GI_11_20_20_RIGHT,AGGCGCATGGTTTGTTGATTTC,2,22,60.61,45.45,5899,5877
noro_GI_11_20_21_LEFT,TGCTGATGTTAGGACTCTAGACCC,1,24,61.17,50.00,5800,5824
noro_GI_11_20_21_RIGHT,CCGACCATTTTGGAACTGCACA,1,22,61.91,50.00,6161,6139
noro_GI_11_20_22_LEFT,CACTCCCAAATCTGCCATTGAGT,2,23,61.13,47.83,6048,6071
noro_GI_11_20_22_RIGHT,CCAAGATGGGGGACAAAAGTGT,2,22,60.76,50.00,6424,6402
noro_GI_11_20_23_LEFT,CTCGGTGGTTGTGATTGGCATA,1,22,60.94,50.00,6320,6342
noro_GI_11_20_23_RIGHT,TCAGGGTCAACATAGTGGAGCA,1,22,61.09,50.00,6748,6726
noro_GI_11_20_24_LEFT,TGCCCTGTCTATTACCACAAGAGT,2,24,61.31,45.83,6651,6675
noro_GI_11_20_24_RIGHT,GATACCTTTGGCTTTGGAGGGC,2,22,61.53,54.55,7052,7030
noro_GI_11_20_25_LEFT,GCCCAAGCCATAATTGGTGCAA,1,22,62.32,50.00,6949,6971
noro_GI_11_20_25_RIGHT,CATGAAGCCACCGGATCTCAAT,1,22,60.75,50.00,7309,7287
noro_GI_11_20_26_LEFT,CTGATGCAGCAAGATCTGTGGC,2,22,62.14,54.55,7193,7215
noro_GI_11_20_26_RIGHT,TGCGAATAATGGCAACCTGTCTG,2,23,61.73,47.83,7570,7547
noro_GI_21_30_1_LEFT,GACGTCGTTCCTACTGCTGCTA,1,22,62.07,54.55,18,40
noro_GI_21_30_1_RIGHT,CCACTTTACCTGGTGGCCTTCA,1,22,62.47,54.55,453,431
noro_GI_21_30_2_LEFT,ACAGATACTTGATGGACACGCTG,2,23,60.68,47.83,335,358
noro_GI_21_30_2_RIGHT,CATAACAGACTCGCCACCAAGC,2,22,61.82,54.55,733,711
noro_GI_21_30_3_LEFT,ACATAGGTCAAGGCAAGACGGT,1,22,61.68,50.00,628,650
noro_GI_21_30_3_RIGHT,GCACGTTCAAGGGTTTGAGCTT,1,22,62.15,50.00,1051,1029
noro_GI_21_30_4_LEFT,GCAAGTTAGAGATGGTTAGGGATGC,2,25,61.49,48.00,949,974
noro_GI_21_30_4_RIGHT,CCATATTGACCGAGCTGGGTTG,2,22,61.32,54.55,1340,1318
noro_GI_21_30_5_LEFT,CCAGGGATCTCGTGCCAATAGT,1,22,61.87,54.55,1210,1232
noro_GI_21_30_5_RIGHT,TCATTTCAGCTTGAGCCTTGGC,1,22,61.72,50.00,1642,1620
noro_GI_21_30_6_LEFT,GAATGCCGACCCACACGTAGTA,2,22,62.35,54.55,1547,1569
noro_GI_21_30_6_RIGHT,TCGGTCACAATTGAGTGTTAGGG,2,23,60.56,47.83,1917,1894
noro_GI_21_30_7_LEFT,TGCTGTGGGACGACTATGGAAT,1,22,61.48,50.00,1819,1841
noro_GI_21_30_7_RIGHT,GTGGGCTTCATCACACCCTTAC,1,22,61.20,54.55,2213,2191
noro_GI_21_30_8_LEFT,GAAAGACTGCTTCAAGCCCGAT,2,22,61.20,50.00,2102,2124
noro_GI_21_30_8_RIGHT,GGGGTCAAAGCTTGCTTGTCTT,2,22,61.60,50.00,2537,2515
noro_GI_21_30_9_LEFT,AAGGATTAAAGAATGCTCTATCAGGCT,1,27,60.42,37.04,2407,2434
noro_GI_21_30_9_RIGHT,ATCATGACCTATGGGCCCCTTT,1,22,61.25,50.00,2796,2774
noro_GI_21_30_10_LEFT,CGTACAGCAGCCATGGCATTAG,2,22,61.94,54.55,2700,2722
noro_GI_21_30_10_RIGHT,TCTTCCTCATATCGTTGGCGGT,2,22,61.54,50.00,3062,3040
noro_GI_21_30_11_LEFT,GCCGTGGTCTGAGTGATGAAGA,1,22,62.30,54.55,2950,2972
noro_GI_21_30_11_RIGHT,CAAACTTTGTGACTCGGCTCCA,1,22,61.32,50.00,3337,3315
noro_GI_21_30_12_LEFT,GCCAAAGAGTGAATGGGCAGAT,2,22,61.21,50.00,3236,3258
noro_GI_21_30_12_RIGHT,CATCCCTGATTGGCCATGGACA,2,22,62.68,54.55,3660,3638
noro_GI_21_30_13_LEFT,AACGGGATTCGGGTGAACTACT,1,22,61.41,50.00,3562,3584
noro_GI_21_30_13_RIGHT,CCCCAGGTATGCTGGCTCATAT,1,22,61.69,54.55,3981,3959
noro_GI_21_30_14_LEFT,TTGTGAGGTATGGAAGTGGCCC,2,22,62.28,54.55,3877,3899
noro_GI_21_30_14_RIGHT,GGTGGTGCCATTCCAATCATCA,2,22,61.21,50.00,4245,4223
noro_GI_21_30_15_LEFT,TGTTAGAACAGACAATGGATACCCCA,1,26,61.72,42.31,4117,4143
noro_GI_21_30_15_RIGHT,GCATAGATGAGGGGGCCATCTT,1,22,61.96,54.55,4529,4507
noro_GI_21_30_16_LEFT,GCTTTTGGCCCATTTTGTGACG,2,22,61.69,50.00,4431,4453
noro_GI_21_30_16_RIGHT,CCTCAGACAGTGCACAGAGAGT,2,22,61.66,54.55,4810,4788
noro_GI_21_30_17_LEFT,TGTCATCAGGGTCAAAGAGGGG,1,22,61.69,54.55,4709,4731
noro_GI_21_30_17_RIGHT,GGGTCCAGAAGATTTGGCGTTC,1,22,61.77,54.55,5095,5073
noro_GI_21_30_18_LEFT,TGGATGGACTGGTCTTCTTGCG,2,22,62.57,54.55,4993,5015
noro_GI_21_30_18_RIGHT,CGCCATCATCATTTACGAATTCGG,2,24,60.90,45.83,5365,5341
noro_GI_21_30_19_LEFT,TCAAGACTGGTGGATTGGAAATGT,1,24,60.45,41.67,5236,5260
noro_GI_21_30_19_RIGHT,CAAACAAAACATCACCGGGGGTA,1,23,61.56,47.83,5597,5574
noro_GI_21_30_20_LEFT,CGACTGCTGGACAAGTTAATCCT,2,23,60.62,47.83,5483,5506
noro_GI_21_30_20_RIGHT,CTTCCAAAGGCACCTCAATGGG,2,22,61.73,54.55,5843,5821
noro_GI_21_30_21_LEFT,GCATACCCCCTGGTTTTGGTTC,1,22,61.73,54.55,5732,5754
noro_GI_21_30_21_RIGHT,ACCGACCATTTTGGAACTGCAC,1,22,61.91,50.00,6161,6139
noro_GI_21_30_22_LEFT,ACTCCCAAATCTGCCATTGAGTT,2,23,60.50,43.48,6048,6071
noro_GI_21_30_22_RIGHT,TGCCAATGCCATTTGCCTGAAT,2,22,62.01,45.45,6449,6427
noro_GI_21_30_23_LEFT,TGACACAGTTTGGCCATTCTAGC,1,23,61.37,47.83,6347,6370
noro_GI_21_30_23_RIGHT,AGTAGGGGCTTGTTCACTAGCA,1,22,61.09,50.00,6709,6687
noro_GI_21_30_24_LEFT,TTTTTCATGTCAAAAATGCCAGGTCC,2,26,61.41,38.46,6610,6636
noro_GI_21_30_24_RIGHT,AGCAATTGCACCAATTATGGCTTG,2,24,61.16,41.67,6975,6951
noro_GI_21_30_25_LEFT,GGGTGTCCAGATTTTATCAATTAAAGCC,1,28,61.10,39.29,6869,6897
noro_GI_21_30_25_RIGHT,ACCGGATCTCAATGTGGTAGCA,1,22,61.48,50.00,7299,7277
noro_GI_21_30_26_LEFT,GATCTGTGGCAGGAGTTCCAGT,2,22,62.00,54.55,7204,7226
noro_GI_21_30_26_RIGHT,TGCGAATAATGGCAACCTGTCT,2,22,60.62,45.45,7569,7547
noro_GI_31_40_1_LEFT,GTCTAACGACGCTATTGCCGTT,1,22,61.30,50.00,15,37
noro_GI_31_40_1_RIGHT,CCAGCGTCGAAGAGCTTTTCAT,1,22,61.50,50.00,393,371
noro_GI_31_40_2_LEFT,GATGCCGAACCAGAACATCAGG,2,22,61.57,54.55,286,308
noro_GI_31_40_2_RIGHT,TTCTTGGTATGGAGAAAGCCGC,2,22,60.94,50.00,716,694
noro_GI_31_40_3_LEFT,GGGGACATGATAGAGTTCTATGAAGG,1,26,60.30,46.15,604,630
noro_GI_31_40_3_RIGHT,TGGTGAAAATCTGGGGTGTCCT,1,22,61.57,50.00,969,947
noro_GI_31_40_4_LEFT,GTGATGGCACTTGACGACACAT,2,22,61.44,50.00,865,887
noro_GI_31_40_4_RIGHT,CCAATAGCCAAGCCTATGCCAC,2,22,61.65,54.55,1284,1262
noro_GI_31_40_5_LEFT,AGTTTCATTGCCTCACTACTACCTGA,1,26,61.71,42.31,1180,1206
noro_GI_31_40_5_RIGHT,TGAGGTCACTATGTGTGGGTCG,1,22,61.72,54.55,1600,1578
noro_GI_31_40_6_LEFT,AGATAAGAAATTGGCCAGAACTTACATG,2,28,60.17,35.71,1497,1525
noro_GI_31_40_6_RIGHT,AGGGGTGCAGTGTCATCTATGG,2,22,61.82,54.55,1923,1901
noro_GI_31_40_7_LEFT,AATCCATAGACCACTGGGACGG,1,22,61.55,54.55,1802,1824
noro_GI_31_40_7_RIGHT,TTTCCAAATGGTGTGTTGCCCT,1,22,61.22,45.45,2220,2198
noro_GI_31_40_8_LEFT,GGTGATGCCAATGCCATTAAGGA,2,23,61.51,47.83,2110,2133
noro_GI_31_40_8_RIGHT,TCCTTGATTGTGACAGCACTACC,2,23,60.56,47.83,2541,2518
noro_GI_31_40_9_LEFT,GCGCAATGCATTGGTAGGCTAT,1,22,61.97,50.00,2439,2461
noro_GI_31_40_9_RIGHT,TCACAAAGGCCATAGCGTTCAA,1,22,60.81,45.45,2850,2828
noro_GI_31_40_10_LEFT,CAAGCACAAAGAGCACAACTGC,2,22,61.36,50.00,2751,2773
noro_GI_31_40_10_RIGHT,AGAAAACCCGATGGCGAATCTC,2,22,61.00,50.00,3158,3136
noro_GI_31_40_11_LEFT,GATCGCCAACGCTATGAGGAAG,1,22,61.43,54.55,3061,3083
noro_GI_31_40_11_RIGHT,GGTGGTATGACATGGGTTGTGG,1,22,61.20,54.55,3429,3407
noro_GI_31_40_12_LEFT,TAGTTTTGAAGCCCCTCCCTCA,2,22,61.03,50.00,3318,3340
noro_GI_31_40_12_RIGHT,CCGGTGAGCAACATTCCTGATT,2,22,61.20,50.00,3699,3677
noro_GI_31_40_13_LEFT,ATCAAGAGAGACTCTGGCGAGC,1,22,61.84,54.55,3586,3608
noro_GI_31_40_13_RIGHT,CCACCAAGGTAAGCTGGCTCAT,1,22,62.60,54.55,4017,3995
noro_GI_31_40_14_LEFT,CGATACTAAGGTATGGGAATGGCC,2,24,60.62,50.00,3908,3932
noro_GI_31_40_14_RIGHT,CTCACAAATGAGTTCCCATTCCAGT,2,25,61.27,44.00,4287,4262
noro_GI_31_40_15_LEFT,GCATGGAGCTACAGTGATGCTT,1,22,61.00,50.00,4180,4202
noro_GI_31_40_15_RIGHT,CCTCTATGGCATTCATACCCACCT,1,24,61.80,50.00,4544,4520
noro_GI_31_40_16_LEFT,GTGTACACAAAAATCAAAAAGAGACTGCT,2,29,61.47,34.48,4396,4425
noro_GI_31_40_16_RIGHT,ACCTGTGAAGTGCATGGAAAGC,2,22,61.65,50.00,4797,4775
noro_GI_31_40_17_LEFT,TGGCACAGGATTTACTCTCCCC,1,22,61.75,54.55,4697,4719
noro_GI_31_40_17_RIGHT,CCCTGGTATCCAATGGCATCCT,1,22,61.90,54.55,5085,5063
noro_GI_31_40_18_LEFT,GACCTGACAAAACTGATGGCCC,2,22,61.72,54.55,4985,5007
noro_GI_31_40_18_RIGHT,ACATAATCGGGCAGGAGATCGC,2,22,62.55,54.55,5385,5363
noro_GI_31_40_19_LEFT,ATCTACATTCCTGGTTGGCAGG,1,22,60.09,50.00,5290,5312
noro_GI_31_40_19_RIGHT,TCATATTGCCAACCCAGCCATT,1,22,60.63,45.45,5709,5687
noro_GI_31_40_20_LEFT,ATCGCCTAACAACACACCAGGT,2,22,62.20,50.00,5596,5618
noro_GI_31_40_20_RIGHT,CCAGCAATCACAAAGGGGTCAG,2,22,61.72,54.55,6001,5979
noro_GI_31_40_21_LEFT,TGACAACACACCAACCATGAGG,1,22,61.01,50.00,5905,5927
noro_GI_31_40_21_RIGHT,CCCCTGATTTTACACAGCTGGC,1,22,61.78,54.55,6265,6243
noro_GI_31_40_22_LEFT,CCATGGGCAGATGGTTCAGTTT,2,22,61.15,50.00,6163,6185
noro_GI_31_40_22_RIGHT,TTTGTGTCCATCACTGACGGGT,2,22,62.13,50.00,6575,6553
noro_GI_31_40_23_LEFT,ACCTTGGTACCATACAGGCAGA,1,22,60.83,50.00,6474,6496
noro_GI_31_40_23_RIGHT,TTAGGCACACACGTCATGAAGC,1,22,61.44,50.00,6889,6867
noro_GI_31_40_24_LEFT,TTTTGTCAATGAACAGGCCCCT,2,22,60.69,45.45,6763,6785
noro_GI_31_40_24_RIGHT,CTTTGGTGTTGTAGGGCAGCTT,2,22,61.34,50.00,7125,7103
noro_GI_31_40_25_LEFT,GCTCGTAGGCTTGGGATTAGGA,1,22,61.60,54.55,6995,7017
noro_GI_31_40_25_RIGHT,GGTACGGTCATGAAACCACCAG,1,22,61.19,54.55,7395,7373
noro_GI_31_40_26_LEFT,CCCGCAACTCGTGTCATTGATT,2,22,61.76,50.00,7300,7322
noro_GI_31_40_26_RIGHT,TTACCCCTGTTCGCGAATAAGG,2,22,60.42,50.00,7668,7646
